{"Genre":"Action","Average_Rating":3.1585329294510696,"Total_Count":1175}
{"Genre":"Adventure","Average_Rating":3.1687090625255823,"Total_Count":707}
{"Genre":"Animation","Average_Rating":3.175885456020015,"Total_Count":223}
{"Genre":"Comedy","Average_Rating":3.137049467739953,"Total_Count":2113}
{"Genre":"Crime","Average_Rating":3.162583937888231,"Total_Count":907}
{"Genre":"Documentary","Average_Rating":3.0742356093239844,"Total_Count":503}
{"Genre":"Drama","Average_Rating":3.13912162429145,"Total_Count":3724}
{"Genre":"Family","Average_Rating":3.1569054919202824,"Total_Count":386}
{"Genre":"Fantasy","Average_Rating":3.1429135219007027,"Total_Count":463}
{"Genre":"Foreign","Average_Rating":3.113985834407912,"Total_Count":271}
{"Genre":"History","Average_Rating":3.118791045849541,"Total_Count":306}
{"Genre":"Horror","Average_Rating":3.134020262392474,"Total_Count":723}
{"Genre":"Music","Average_Rating":3.1890477821347667,"Total_Count":248}
{"Genre":"Mystery","Average_Rating":3.1487693926555473,"Total_Count":475}
{"Genre":"Romance","Average_Rating":3.1562777018393637,"Total_Count":1206}
{"Genre":"Science Fiction","Average_Rating":3.1571636839139865,"Total_Count":593}
{"Genre":"TV Movie","Average_Rating":3.148118069220997,"Total_Count":87}
{"Genre":"Thriller","Average_Rating":3.148281748166093,"Total_Count":1427}
{"Genre":"War","Average_Rating":3.1146633826061416,"Total_Count":231}
{"Genre":"Western","Average_Rating":3.2140607181871017,"Total_Count":185}
