{"Date":2000,"Title":"Billy Elliot","Profit":2100.0}
{"Date":2001,"Title":"千と千尋の神隠し","Profit":1732.8339666666668}
{"Date":2002,"Title":"My Big Fat Greek Wedding","Profit":7274.880880000001}
{"Date":2003,"Title":"Tarnation","Profit":532933.9449541284}
{"Date":2004,"Title":"Super Size Me","Profit":43861.65846153846}
{"Date":2005,"Title":"웰컴 투 동막골","Profit":4.197475625E8}
{"Date":2006,"Title":"Facing the Giants","Profit":10078.331}
{"Date":2007,"Title":"Paranormal Activity","Profit":1288938.6666666667}
{"Date":2008,"Title":"Fireproof","Profit":6591.2634}
{"Date":2009,"Title":"The Collector","Profit":3252.9411764705883}
{"Date":2010,"Title":"Catfish","Profit":10053.143333333333}
{"Date":2011,"Title":"From Prada to Nada","Profit":2688072.0430107526}
{"Date":2012,"Title":"Aquí Entre Nos","Profit":2.755583E8}
{"Date":2013,"Title":"Nurse 3-D","Profit":9.99999E7}
{"Date":2014,"Title":"The Quiet Ones","Profit":8817.4335}
{"Date":2015,"Title":"대호","Profit":221568.98}
{"Date":2016,"Title":"Split","Profit":2976.911088888889}
{"Date":2017,"Title":"A Ghost Story","Profit":15484.255}
